video,frame_count,width,height,question,answer,qid,type,a0,a1,a2,a3,a4
3359322044,908,320,240,where did the man in grey rest his hand before he started walking forward,0,4,TP,tree,on his knees,at his chin,against wall,on the wall
3208857440,1624,640,480,did they wrap the hamster before burying it,3,3,TP,play with the other cat,runs away,went under sofa,no,shock
8626931151,2160,640,360,what was the kid doing before he flipped the pages of the book,4,5,TP,flip the book,turn behind to look,look at camera,hold the book in his hands,puts his hand into the robe
2406339050,2380,500,375,what did the baby do before she put the green long toy in her mouth at the middle of the video,4,5,TP,look at ground,look upwards,extended their hands,laugh,put it on the walker
4809420567,889,640,480,what did the baby do before touching the pink toy at the end of the video,4,6,TP,hit the air,grab lady s hair,talk and eat lollipop,take photos,lift head up
10192494165,700,640,360,what was the girl doing before she lifted the book to her face,4,5,TP,stop and look,spin in circles,close it,show the shoes,open a pen
3954996353,1534,640,480,what does the man in red do before the man in white cut the ribbon,3,2,TP,jumps,take photo,follow her instructions to sit,count down,put pieces on the board
6894565761,1637,640,362,what did the boy do before the girl reached her hand out in the middle of the video,4,9,TP,hand gesture,close eyes,lift the club up,sit on man and play toy,scratch eyes
6591681113,834,640,360,what did the boy with green car do before he pushed his car the second time,4,2,TP,put it in the box,adjust it straight on the floor,adjusting car,offers to carry girl in red,pull his pants
2450539954,979,500,375,what did the other lady do before the machine changed direction,1,2,TP,looks forward,stop moving,smiling,walk on another direction,hold the girl s hand
8395915736,2460,640,360,what did the nurse do before she clipped the umbilica cord,3,2,TP,put on headphones again,walked towards the table,look at the clock,cut the cord,take a big breath of air
4825249972,926,640,360,what did the brown dog do before it started chasing the cat,2,3,TP,climbing over it,lying down,jump on the sofa and bark,sit and watch,walk back
2598708157,1450,320,240,what does the girl in blue do before walking away,3,2,TP,stand beside and look,lean to the side,pointed at baby,watch the boy in orange,moving her spoon slowly
7499375636,1600,640,360,what did the man in black at the back do before the man with black and green helmet drove away,1,6,TP,looking at them,step back,adjusting helmet,driving off,raise his hand out the window
7533973826,536,640,360,what did the woman do before she let go of the boy cycling,2,6,TP,move forward,sit on sofa,hold his hands while pushing him,stop riding,look at girl
4144360777,720,640,480,what did the girl in striped do before going up the sofa,1,6,TP,pet,walking around the table,lie on her stomach,playing with sofa,hold another toy
4043945951,1254,640,480,what was the boy in red doing before he showed the phone to the camera,2,0,TP,fires it off,float on bed,calling,read books,push backwards
4569009647,2437,640,480,are the people discussing before going for a hike,0,3,TP,yes,type on her laptop,cover face with hands,goes to the menu,start performing
6813862571,1755,640,360,what did the man in green do before he fired a shot,1,2,TP,scream,aim at target,talk,get off stage,choke
3093627135,1252,640,480,what did the girl in pink do before she stood up at the end of the video,2,6,TP,look at boy,turn around,looking at present,closes the lid,touch baby lips
2797596111,2158,640,480,what did the boy in black do before he started singing at the beginning of the video,2,6,TP,drink from it,pick little boy up,plays the guitar,looking at toy on ground,throw it at dog
5837297505,801,640,480,what did the main singer do before he left the stage at the end,1,8,TP,singing,take something,clap,hold poster,plays the guitar
11162473963,1104,640,360,what did the boy do before the girl popped up from the leaves at the end of the video,2,10,TP,opens it again,whisper,tries to find girl and fell,eat,looking at toy on ground
3427096115,1171,640,480,what did the man wearing a cap at the back do before the baby stood up,2,3,TP,jump up,run,play with baby s hand,throw sand,clap
7499375636,1600,640,360,what did the man with black and green helmet do before he drove off,0,4,TP,move his legs,put hands in the mouth,lean over to man,cross the road,move to slide
4904919958,2697,640,480,what do the men do before starting to fight,2,5,TP,pray and bow,dance battle,bow,bend down and touch the woman s back,hug and dance
3036261707,1476,320,240,where is the boy touching before he started dancing,1,4,TP,touch his head,stomach,clap,tired,start dancing too
2454809212,1309,320,240,what does the man with the flower badge do before putting it on the groom at the start,3,0,TP,smiling,standing facing the pastor,sway his body,look at flower badge,looked at camera
6241168740,881,640,360,what did the black dog do before it followed the woman at the end of the video,2,5,TP,licking itself,sniffing ground,run in opposite direction,watch the brown cat,look at plant
3565236462,694,640,474,what does the man in white do right before the man in brown lifted the snake,0,9,TP,walks away,put the knife in the cake,sit down,point and talk,help man in white with tie
2593165277,2270,320,240,what was the baby doing before the dog approached,0,10,TP,looking left and right,ignore baby,stretch out his hand,train the dog,push walker
2848566825,300,320,240,what did the girl do before the lady smiled at the end of the video,2,4,TP,bounce while carrying baby,put the box aside,makes faces,run away,eat ice cream
5295188880,1361,568,320,what was the man doing before the lady in black came,3,6,TP,catch the ball,dancing,stare at the screen,play with dog,grooming himself
3988584418,2697,640,480,what does the girl with headband do before walking away in the middle,4,4,TP,rest on chair,leash,take the leaves to play,turn her front,kiss the boy
9778931443,586,640,360,where did the boy put the silver toy before he tried pressing the keys with his finger,1,8,TP,on the floor,in his left hand,on the plate,beside the railings,on his cheek
2702145478,1381,640,480,what did the man in orange vest and black pants do at the end of the video before he walked away,3,6,TP,climbed onto the bounce house,put finger in the mouth,observe,watch for explosion,hold the lady s hand
6131518130,384,640,360,what did the girl in yellow do before falling backwards to the pool,4,6,TP,throw and catch towel,hand gesture,pick up toy,touch the chair,look at water
3689483847,550,640,480,what was the boy doing before he stood up at the start,4,3,TP,clap,swing the dog,look at camera,walked away hurriedly,look back
6844035756,1605,640,362,what happened before the third duck walks into the video frame,2,1,TP,a boy catches ball and brought it back,a man pressed a button,camera flash,the rope broke,the other ducks looks down
3396669412,639,640,360,what did the lady do before putting her hands behind her head,0,3,TP,raise her hand,caressing for the dog,put down her club,put her hands under child,pet dog
2679578550,911,500,283,what was the boy doing before he walked away,3,8,TP,carry plate,chase,follow boy,sitting on the sofa,adjust the tricycle
11863005164,1608,640,360,judging from the low ice ceiling what sort of landform did the cameraman walk through before joining the group,4,2,TP,flattens,walk opposite direction,carry the ball on the other side,bend down,ice arch
3736610392,903,640,480,what did the hamster do before it came out from the green bowl,3,4,TP,turn on the wand,the lady sitting down,drink from water bowl,resting,crawl in sofa
4333253921,472,640,360,what did the adult do before he tried pushing the dog s head away,3,9,TP,looking at the baby,follow man,chasing its tail,caress dog,play with the blanket on the floor
5817155547,351,640,360,what was the man in black cap doing before moving off at the start,1,5,TP,hold on rod,hands on thighs,cutting woman s hair,opening his bag,gets back to bed
5954391577,392,640,360,what did the man in black do before catching the ball at the end,3,6,TP,runs toward the ball,hold it back,turn behind,walk forward,pat man in grey
5199542985,387,320,240,what were the chickens doing before the man threw the egg,4,6,TP,put in basket,move away,shake the dice,look around,walking at the back
10602702615,987,640,360,what does the girl in pink do before blowing the candles,0,7,TP,look at boy,smile,watch,held her arm,waves
2463650304,2333,320,240,what did the woman in black do before the person wearing blue sleeves touched the baby,3,8,TP,holds the baby,keeps it back,pushed lady in black away,touch baby s feet,run
11585587124,1650,640,360,what did the lady do before she started running at the beginning of the video,0,7,TP,put the dog down,sit on man and play toy,pick up something,step on the books and dance,pick up toy
3052493751,663,500,375,what was the lady doing right before she turned in circles at the end,0,4,TP,dancing backward,thumbs up,hold baby,walk around it,talk to girl
5106055789,2158,640,480,what did the girl in black do to the toy horse before she started exploring the guitar,0,7,TP,put the toy horse down,look for it,pluck woman s brows,pull the leash,wave
8062483459,435,640,480,what did the man in blue do before posing at the end of the video,0,7,TP,moves his hand,walked out of video,kicked ball,walk forward,start writing
7173974984,1018,640,360,what did the man do before he stood up in the middle of the video,1,6,TP,sitting,hold the leash and pat dog,point at the door,point to store,sing
3899705145,675,640,480,what did the man in yellow do before he rolled down the hill,0,9,TP,pass the lady his things,ride it down,starts moving,give instructions,look at yellow car
6813862571,1755,640,360,what was the man in green doing before he turned to the man in black,4,9,TP,jump over him,point middle finger,flirting with girls,talking to santa claus,preparing to shoot
4533057354,978,640,360,what did the woman in black do before she walked off at the start,2,7,TP,walk forward again,hit the girl,pulling girl in sunglasses s hand,claps for her,points at the door
10676920593,3374,640,480,what did the baby do before the man lifted him to stand up,3,3,TP,walk to the sea,kiss,walks forward,put spoon into mouth,play with his toy
2564866084,1520,448,336,what does the girl do right before she jumped off the guitar,2,3,TP,ran back,try standing again,bend body,hold the mans hand,turned behind
5343618331,751,640,480,what did the man do before he reversed back,2,2,TP,leave the rope,adjust tyre,look around,wave at girl,wave arms around
2610839960,2158,320,240,what does the man in black do before the ladies start fighting,3,0,TP,look behind him,observe,signal to separate,wear her boxing gloves,control the ball
6811493102,1052,640,480,how did the dog react before the child throws the ball for fetch,1,9,TP,hit with racket,steals the ball and goes away,shake its body,jump towards the child,move away from ball
2448077748,2697,640,360,what does the lady do before standing still at the front part of the video,4,1,TP,walk off,walk away from the table,waggling,restless,dancing
3266500980,2666,640,352,what did the man do before the dog put its head under its paws,4,7,TP,scratch body,lie down,eat the food,looking at the baby,caress the dog
6384706009,1633,640,360,what was the boy in yellow doing before he cycled off near the middle,2,0,TP,jump into a pool,dancing,staring at girl,pressing the chords,walk towards camera
3343411237,927,640,480,what was the boy doing right before the second wave hit him,1,5,TP,catch it,paddling the board,stretch his hand out,moving fingers,go forwards
5292466003,2697,640,480,what did the lady with long hair do before she slide off,1,5,TP,go back up,tie her hair,stop running,jump around,dance
3427508686,2697,640,480,why did the man dressed in suit attire on the right stood up briefly before sitting down again,4,1,TP,walk,looking at them,sway body,sit and listen to him,adjust sitting position
3420639395,451,320,240,what did the woman do before she picked up the board at the end of the video,2,9,TP,dance with hands,touch baby,stand up,touch the child s head,said something
9201656937,1081,640,360,what does the black rabbit next to the two brown rabbits do as the person caress the two brown rabbits before the middle part of the video,2,9,TP,move his hand to feed the cat,plates,eat grass,bounce baby,stand around watching
6814193738,1204,640,360,what did the lady do before walking across the grass in the middle of the video,2,0,TP,turned behind,sit down on toy,raise up her hands,plays with him,looked at camera
4747203885,1732,640,480,what did the ladies in red do before they open the cork from the bottle,4,7,TP,move the yellow bowl away,eat fruits,turns around and cover face,carry baby up,shake the bottle
4026507608,1337,640,480,what did the woman in white do before letting go of the boy near the end,2,5,TP,kneel down,catch baby,adjust trolley,push her,pick up baby
2610839960,2158,320,240,what did the lady in black do before she started fighting again near the end,0,7,TP,hold the pink lady with her arm,follow the girl,make hand gestures,look at the lady in red,point towards the board
3555283857,1271,640,480,what does the girl with spectacles do before putting the microphone back on the stand,1,6,TP,laugh,speak to the audience,flip the page,move wire,hug the other girl
3066966990,2678,640,480,how many tries did the first boy have before he successfully hit the pinata,4,9,TP,remove spectacles,towards camera,press buttons on drum,walks away,two
5760068749,687,640,480,what does the boy do before feeding himself near the end,2,2,TP,take off  the lid,raise fork and spoon,make funny faces,touch camera,plays with red toy
3661204299,628,640,480,what position was the man surfing at before he fell into the sea,4,7,TP,sit down,feed,continues paddling,surfing,squatting
5680168187,1194,640,480,what was the man on the boat doing before the man in sea play a prank on him,3,2,TP,runing,put hamster into a pit,copy lady s action,resting,paddling
6844035756,1605,640,362,what did the black duck do before taking every step,3,9,TP,swim away,pass on the arrows,start running faster,swing its tail,bite it
7180987582,1314,640,360,what did the girl in pink do before the woman in black took off her shoes at the end,1,10,TP,taps water with her foot,walk towards woman,bend down,remove the paper too,make more bubbles
3305246083,2697,320,240,what did the woman in grey hoodie do before she put down the paper near the start,2,8,TP,walk away,go into the building,refer to the paper,put it somewhere else,talk to the man in black
2695848772,2676,500,375,what does the girl do before starting to play,3,1,TP,looking at book,stretch hands ouy,playing with toys,bow,skiing
8039477324,1506,640,480,where did the girl on the left touched before she closed her eyes with her hands,1,9,TP,pumpkin,chin,on the sticks,something behind the camera,other side of table
4164771532,756,640,360,what was the man doing before he sat down,2,5,TP,changes direction,feed baby,placing the bike,moving his hand,play guitar
6890574486,936,640,424,what was the lady doing before she looked up in front of her,4,5,TP,applying cream on face,playing tablet,singing,move closely to the camera,looking down at piano keys
3369571916,1970,640,360,what did the baby do before blowing out the candles,0,5,TP,touch cake,put the candles down,look at it,baby clap hands,looks up
2404094215,1901,640,480,what did the lady in orange do before she started walking,0,8,TP,drink water,pick up the microphone,stop and point,reach hands out,kiss the boy
3199291548,720,640,480,what did one of the machines do before it hit the books,4,2,TP,shift the paper,hold in his palm,dig deeper into box,puts his hand into the robe,move backwards
4487391149,2697,640,480,what was the girl doing before she squatted down the second time,3,7,TP,look down,hug the lady,pet dog,studying the screen,dance
3988584418,2697,640,480,what was the lady in headband doing before the video filmed the man and boy,3,0,TP,show baby how to steer wheel,sit on man and play toy,unwrapping present,cooking at the grill,hanging clothes
2892751033,2093,500,375,what did the boy do before he reach for the cup at the end of the video,3,6,TP,look back to keyboard,carry the baby down,gives him some toold,clean his hands,show him the toy
4629254613,1302,640,360,what was the man doing before going down the slope,3,6,TP,interview,reading funny book,showing off the chicks,push scooter up the slope,chase after dog
3550266372,774,640,480,what was the man in green doing before he first smashed the skateboard,2,2,TP,knock it down,turn on the wand,hold the skatebaord,drag toy towards him,leave hands of lady in blue
11585702034,1320,640,360,what was the man in black doing before he started running with the dog,0,7,TP,gesture to dog,grab the mouth,lie on floor,lying down resting,grab the toy
6371744849,990,640,360,what did the girl do before she got the blue shovel from the man,4,3,TP,stands on the side,put in her mouth,moved away,touch baby s feet,stood up
7230982816,1815,640,360,what did the man in brown do before inseting the cassette into the box,4,3,TP,look back at blonde girl,smiling,stretch out hand,a red toy,raise the cassette up
3457759630,1389,640,480,what was the baby doing before he put the caterpillar toy in his mouth,1,5,TP,playing with toy,staring at camera,take napkin,try to hold it,suck the spoon
4747636840,480,640,480,what was the kid doing before running away to the blue platform at the end,3,1,TP,looking at tv,hold the colourful toy,touch his head,touching the brown pillar,approached them
8026457212,1962,640,480,what did the lady wanted the girl to do before she gave her thered pocket near the end of the video,2,4,TP,talk,write something,kiss her,touch her feet,do a peace sign
7446323746,1777,640,1138,what did the man do before he gestured to the video near the end,2,4,TP,touch the camera,look back to keyboard,talking,stop,heat the red tube in machine
8614724062,315,360,480,what did the boy do before suddenly leaning back and throwing the ball backwards,2,1,TP,paddle,bat,smell the toy,mimic man,stretch his hand out
2444953722,675,640,480,why did the boy in brown swing his hand before the girl in the dress ran away,0,1,TP,trying to tag the girl,follow after them,stretch out hand,talk into the microphone,stop the boy from snatching
4578322223,936,640,360,what was the cat that laid down doing before it lied down at the beginning of the video,4,4,TP,stood up,look at the sea,bend down,smiling,sniffing
11585702034,1320,640,360,what was the dog doing before he started the obstacle course at the beginning of the video,4,9,TP,opened its eyes,moves it around,chase it,go back,resting on the ground
5148501793,2697,640,360,what was the baby doing before standing up at the start,1,7,TP,stretch out the hand holding board,play with sand while sitting,eating the cake,pushups,happy to see the baby walking
4524702622,1099,640,480,what did the girl do before bending down beside the wall,4,6,TP,walk over,pick up dog,goes into tent,looks forward,hold the wall
4318270124,1043,640,480,what was the man doing before he fed the dolphin the first time,4,3,TP,feed another time,rub his nose,play with toys,paddling the board,moving fingers
4794597968,1986,480,640,what was the baby doing before he started looking at the cat,1,7,TP,struggle on the sofa,playing with toy,bite toy,looked at the sofa,pooping
8284874734,780,640,480,what does the man with red flower band do before finishing dancing,2,4,TP,it stops,get down from the chair,hugs mascot,moves his head,nod his head
4531056940,770,640,360,what did the man in black jacket do before the screen turned grey,2,8,TP,stand up,look at man in white,speak to the audiences,nod his head,put hand in mouth
6045513874,1318,640,480,what did the dog with a collar do before walking to the back of the cage,3,3,TP,bark at white dog,wag tail,follow man,lick person s finger,hold up a cup
4424452250,1355,640,480,what did the man do before putting his left hand into pocket,0,8,TP,touch his hairs,take fruit,play with ball,show camera his tongue,biting it
5552271623,1268,640,360,what did the man in blue do before he kicked the ball at the beginning of the video,1,0,TP,ran away,run to the ball,look at lady in black,dance,hug the tree
8429686679,1574,640,360,what is the man in long sleeves doing before walking towards the river,1,8,TP,play with camera,sitting on chair,pull up his pants,hug the tree,stop and stand still
8072793932,1455,640,360,what did the boy in grey do before he pulls the white pail out,0,9,TP,squeeze tube,try reaching deeper,point and laugh,close the door,cries
6866325406,791,604,1072,what did the 3 girls do before they fell onto the floor,4,9,TP,look at water,climb onto the chair,try standing again,talk to the baby,spin around
4769483978,871,640,480,what did the person do with the toy before dangling it above the black cat in the middle,1,4,TP,laying on the mat,drag it on floor,look around,bite black cat s body,happy
7973772218,776,640,480,what did the boy do to the girl before she climbed down,2,7,TP,he forgot to wear,run towards the boy,hit her,playing the piano,smiles as she plays with baby
5323209509,1149,640,480,what is the baby girl doing squatting on the floor before she picked up the red box,1,0,TP,unwrap the present,open present,pick up rubbish,finding item from floor,boxing
4037449085,1093,640,480,what did the man holding the microphone do before he pointed at the end of the video,2,7,TP,pointed at the camera,holds the rope on his shoulder,talk to microphone,move left and continue singing,put hand on forehead
6787210378,555,640,362,how many times does the child swing before landing on the bar,1,5,TP,smoke,five,move legs,walking,tired
7033407269,1332,640,360,what did the man in black shirt do before he served the food to the lady in black,2,9,TP,shake her hands,give her a hug,look around,looking into temple,roll on floor
6187760154,1206,640,480,how many times did the lady tried before get onto the horse,1,7,TP,sevem,two,five,four,three
10289713176,468,640,360,what does the boy do before shooting the arrow,4,8,TP,stand up,brush his pants,look up to the person next to him,put riffle on the floor,wink
3685382768,874,640,360,what does the lady do before looking at the cmaera in the middle,1,4,TP,turn her front,look at her right,stands up,look left and right,adjust ropes
2640440327,552,320,240,what was the lady in blue doing right before she puts her hand on her face at the end,4,2,TP,put her hands up,pointed at baby,pose for camera,the girls riding,laughing
4827388766,654,640,360,what was the lady doing right before she brought the food to her mouth the first time,0,3,TP,showing food to baby,clap and dance,nods her head,take a few steps,take the food
4114876025,358,640,360,what did the baby in bib do before eating at the start,3,9,TP,walks forward,nonchalant,takes them out,touch bib,covers face with bowl
8484188496,1927,640,360,what did the men do before shining the lights at the end,2,6,TP,remove candle,stablise cloth,bend down,turned red,talk
2875226866,465,640,360,what did the man do before hitting the ball,4,8,TP,running,to make a score,to see where it lands,tie his shoes,swing the pole
4392747521,1006,640,480,what does the lady in checkered shirt do before she stops,0,7,TP,holds onto the rock,sit down,turn her front,pass the ipad,point her fingers
6876356006,615,640,360,what did the girl in black do before she was being raised up in the air,0,9,TP,run,touch baby s feet,moves her hands in the air,move mic to white scarf woman,put leash through her arm
3306288227,1669,640,480,what did the baby on the left do with his legs before he touched the stomach of the baby on the right near the start,4,0,TP,find it funny,moves the car,rub his and man s belly,touch baby on right,move it
10274034226,423,640,480,what did the white dog do to the girl before she ran off,0,7,TP,bite her arm,squat down,follow after dog,catch baby,holding paper
4704253964,845,640,480,what did the man in blue do before he walks to the door,3,4,TP,point towards kitchen,lost balance,walk,puts his hand into his pocket,to goy in grey s side
9934829764,744,640,360,what did the man in black do before falling onto the net,0,6,TP,a flip,use his hands to control,waves his hand,stood up,scared
3309878267,885,640,362,what did the man holding the bottle do before he took a sip from the bottle,1,6,TP,drink,does head bang,picks up the glass of beer,swirl the girl,flip cup for game
3054908383,2126,640,480,what did the boy do before he walked to the wall,1,2,TP,pick up pink object,show the coin to the video,push the chair in,close door,comes back
4136860893,2697,640,480,what did the shirtless boy do before he looked down at the dropped ice cream,0,8,TP,looks in the camera,take napkins,put into his mouth,offer it to the shirtless baby,eat some more
9934829764,744,640,360,what did the man in green do before the man in black jumped at the start,2,4,TP,slide,guide the tractor,holding man in black,point middle finger,hold wood
7141848245,2697,640,1138,what does the baby do before lying down on the bed for the first time,4,2,TP,get on to bed,playing with toy,comfortable,put a pacifier in baby s mouth,stare at man
5384013796,1042,640,360,what did the man do before he got up from the sled,0,4,TP,open his legs apart,go to the bells,drop his hat,move stuff away,run towards the starting point
8631926258,2206,640,360,what did the man with 70 shirt do before he took photo with the man in black shirt,2,5,TP,pick up a paper,give thumbs up,call the man over,ride away,playing guitar
7714391252,784,640,360,what did the man in green do before he lifted the weight at the beginning of the video,2,0,TP,jump into pool,ignore,put his hands on the weight,turn around,hug child
4154619533,2697,640,480,what did the man in jacket do before picking up the object and manipulating it,3,9,TP,continue digging,joking around,hand gestures to show agreement,examine the object,talking
3816401895,1875,640,360,what did the black dog do before walking away near the middle of the video,2,4,TP,sniff the grass,sit and look around,look at the brown dog,drink,move in circles
5018588436,1350,320,240,what is the guy doing behind the computer screen right before the man in the computer screen ended,0,2,TP,fix something,rub his head,pose with cards in hand,take something from the table,lower down his body
4153535077,710,640,360,what did the baby do before get his first food,4,8,TP,lick and suck fingers,cringed and shuddered,play with toys,suck the spoon,turn back
3814243589,1239,320,240,what did the man in black do before pointing his index finger,1,7,TP,sit and listen to him,talk to the other man,look at man in white,walk away,drinks from his can
6847097278,1554,640,360,what did the man in black do before the lights went out at the end of the video,3,4,TP,jump off the bed,talk and make hand gestures,turn to look,plays the instrument continuously,watch for explosion
3717997473,2268,640,480,what did the girl do before she jumped into the water in the middle of the video,0,3,TP,hand gesture,look at ground,pull skirt up,touch her head,floating
2450802750,1053,500,375,what did the girl do before she squatted down and painting,2,5,TP,points at it,look at camera,get the paint,look at boy,shake his hands
5325209799,2160,640,360,what was the boy doing before he clapped at the start,4,7,TP,kiss baby,run,cycle,look back,look at camera
7273870336,1305,640,480,what does the lady do to the book right before she jumped up,3,7,TP,walk around cake,lie on the lady,jump and run,close it,dance
8623061698,1080,640,360,what does the girl do before she blew the candles,3,3,TP,take a deep breath,take pictures,shocked,turn to her left,hold baby s hand
6903773975,865,640,1138,what was the dog doing before walking to the waves at the start,1,9,TP,follow the adult,sniffing,eating,lying on floor,barking
3457759630,1389,640,480,what was the baby doing before the lady in green shook the toy in the middle,3,6,TP,continues crawling,play with green ball,support the rake from the back,looking around,shake his arm
4487391149,2697,640,480,what did the girl do right before squatting down at the start,0,9,TP,touch the screen,bag,remove the toys from box,put cotton pad,drinking soup
4570227004,2070,320,240,what did the man do before the first time he took the balloon from the girl,0,8,TP,sit down,give back the blue toy,smile,try to move the baby,kick the man playfully
2687160943,1565,320,240,what did the man do before he went into the room,4,7,TP,move his hands,smile,stop,jump,talk in the camera
7908066554,1293,640,360,what did the baby do at the start before the girl in white pointed,2,9,TP,point to green spade,supervise,spit,say something to boy,feed horse with grass
2637595500,509,640,480,what did the baby do before he touched the sofa,2,7,TP,looking around,fall,looked at the sofa,touch baby s foot,move his arms
4852243052,1499,640,480,what did the lady in blue do before stopping in the middle,0,0,TP,push girl bicycle up the slope,falls off the blue eqyupment,laughing,look at the scenery,the girls riding
8533368895,2160,640,360,what did the guy in white do before raising his wine glass at the end,0,3,TP,look at guy in black,keep his left arm on table,flip camera,raise hands up,eating and drinking
6922125694,938,640,360,what does the small dog do before walking away at the end,3,3,TP,sit on the couch,walk away,chase tail,bite dog,lie on the ground
3685382768,874,640,360,what was the lady doing right before she touched her eye lid,3,7,TP,dance,walk,eating something,looking at her right,stares at camera
6137698705,674,320,240,what did the boy do before he pointed at a pig,3,6,TP,walk around,squat down and pat the dog,pat his head,turn one round,chasing the ball
2482879870,817,500,283,what did the young boy do before leaving the table,2,8,TP,kiss baby,stretch arms out,push the chair in,show the coin to the video,walked away hurriedly
4081870381,1224,640,512,what was the man in the blue jacket doing before he ran away,3,4,TP,move to other side of chair,walk back to camera,pick up his belongings,looking out for car,run
2551683435,818,496,370,how many times did it take before the man successfully burst the balloon,4,10,TP,jackets flap,two,drop bat,jump off,three
6591681113,834,640,360,what did the boy with green car do before he pulled his pants,0,7,TP,drag toy towards him,pull the ropes,pull his pants,gets back in lake,throws it at the centre of the table
4978322198,600,640,480,how many buses are there parked before this bus came in,3,8,TP,two,three,seven,one,five
8444144653,714,640,360,what did the lady in yellow do before the boy in red and girl in orange joined the group,4,6,TP,take lollipop out,play with the toy,singing,stretch her hands,talking
4009572078,1059,640,360,what is the girl in pink doing before she sits down to rest,4,6,TP,run towards the lady in black,playing with ball,point below the piano,hit her with cushion,move her arms
9770697904,2325,640,360,why is the lady in costume talking to the people in front before the performance offically starts,2,4,TP,close orange furniture,flip the page,introducing performance,thank audience,laugh and said something
4660797892,2697,320,240,what did the girls do before running in a circle at the end,4,5,TP,chair,pick up a ball,move to her left,put her hands up,dance
4938079475,353,640,480,what were the people doing before they first waved,3,3,TP,nod his head,raise the flags in the same direction,playing with her book,laugh,take turns to half squat
7891454958,2589,604,1072,what did the ladies in red and blue do before the man in black went to hug the man in checkered,0,9,TP,hug each other,clap,take the rope,open her arms wide,take drink
4631106366,574,640,360,what did the child do before covering himself completely near the end,3,1,TP,lean against the screen,fall down,dance again,look into camera,move legs
4389577717,1241,640,480,what did the man in red do before the stage light turns dimmer,1,4,TP,move to stage edge,ran away,contemplating to put card down,puts his paddle in it,take his phone out
3266500980,2666,640,352,what did the dog do before it was putting its head under its paws at the middle of the video,4,6,TP,jumped down,in the room,resting,chase it,moved its paws in the air
11664231455,1966,640,360,what did the grey cat do before the white cat sat beside it,4,6,TP,runs away,swipe and move away,lies down,lie down beside the box,extend paw to touch white cat
6494550655,720,640,360,what did the lady do before the boat slides down,0,1,TP,stretch out her hands,keep looking down at pedal,stop rowing,eat it,floating
2758143839,719,320,240,what did the lady near the pole do before the lady beside her went forward to adjust the snake,3,8,TP,clap,supervising,walked away,touch her face,pass to the girl
7512810680,903,640,360,what does the man in black do before throwing the last can,1,5,TP,read the card,shakes his hand,sit back,touch the ground,pass on the arrows
7500947428,1647,640,480,what did the black dog do before the baby was trying to crawl,3,0,TP,shouts,plays with the brown dog,jump again,move backward,bite dog
6063505455,367,480,640,why did the boy bend down before mopping the area under the cupboard,2,6,TP,want to pick up rubbish,put on table,try reaching deeper,get up,want to lie down
10682761273,1492,640,360,why do the dogs approach the person holding the food before the person puts down the plate,3,0,TP,blow towards the dog,hold up a cup,open its mouth,waiting for food,stop moving
3747276467,2697,640,480,what did the child do before showing the peace sign with his hand near the end,3,1,TP,play with the yellow sheet,pull the toy in front,clap hands,point middle finger,sways his body
6663748603,1945,640,360,what was the man doing before he lifted the book up at the start,4,4,TP,swinging his hands,swing the dog,sitting behind the pillar,dancing,look at camera
8915578911,348,640,360,what was the white dog doing before it was asked to perform the stunts,2,5,TP,move his head,puts the dog back on table,resting on a chair,touch newspaper,bite the bone
13925992413,778,640,480,what does the lady in front do before turning around in a circle in the middle,0,4,TP,belly dance,pick up things,walk forward and stretch hand out,said something,walk around it
8280224963,1166,640,360,what does the girl do right before blowing the candles,0,6,TP,point finger,turn around,start dancing,push the pram,pick up the toy
8714747002,307,640,360,what is the kid at the back doing few seconds before the end of the video,1,7,TP,stand and push box,running,kitchen behind,continue eating then scooped for baby,touch the vacumm clearner
8627945015,1905,640,360,what does the girl do before leaving the man in green,1,3,TP,laying,hug him,adjust her tie,bend down slightly,put hand on table
7273870336,1305,640,480,what did the people do before they jumped up and sang together,3,6,TP,clapping,looking at boy,shy,look at each other and sing,plays guitar
9645028313,1932,640,360,what did the man with the chainsaw do before taking a step back,4,2,TP,talk to man behind,wait for the fight to start,get up the slope,rub bat,look back
5929352113,425,640,360,what does the girl do before the man comes close to him,2,9,TP,move closely to the camera,hold his hands,lie on floor resting,said something,cover her mouth
4186550878,1289,640,360,what does the boy do before he starts playing the piano,2,12,TP,turn around,sits on the floor,introduce himself,stomach,bend down to play
4474236062,837,320,240,where did the boy turn his head to before he attempts to pick up the ball at the start,1,10,TP,on the floor,turn backwards,face,railings,sofa
3013435213,1037,640,480,why does the woman in black shake the person in yellow s hand before trying the honey,1,1,TP,twirl strings,thanking her,take away the calculator,put on plate,pass to lady in pink
8549729072,1333,640,360,what did the man in brown shirt do before he ran past the other guy with the gun at the start,4,11,TP,pass on the arrows,turn back,look at him,do a backflip,aim at the board
6859121305,1429,640,360,what did the man in grey shorts do before kicking the ball at the start,4,0,TP,blocks the ball,drink from cup,swing his arm,push away man in grey,position at the corner
5264432151,937,640,360,what did the old lady do before she touched the boy s head at the end,3,10,TP,take off bib,laugh,imitate her,caress baby s head,continues walking
5640939571,597,640,480,what does the baby do before picking up the food at the beginning,4,5,TP,takes a toy out,drink water,covers face with bowl,splashes the water on table,lick his fingers
3536158907,1142,640,480,what was the baby doing before the green ball rolled away,3,2,TP,put it down,put hand into mouth,throws it in the pool,play with green ball,touch the toy
6015710552,1508,640,360,how did the man in red react before the boy hid under the table in the middle of the video,3,5,TP,got back up,slides down,adjust tricycle,laugh,look at camera and said something
13517946454,3643,640,480,what did the man in black do before he spoke,3,5,TP,hold on rod,stretch his hands,take one leg off the scooter,smiling,look at man in white
8531352726,1440,640,360,what did the man do before he took off his goggles,2,9,TP,turns toward the man speaking,explosion,lick thumb,close the bottle,snip of some hair
13994156552,1077,640,360,what does girl do at the beginning before playing piano,2,5,TP,watches the girl,sitting by the side,sing,headband,blow
6859121305,1429,640,360,what did the man in green do before the man in grey shorts tried to kick the ball near the start,3,7,TP,kick ball,throw it,move to one side,bend down,jump up and down
3391759396,1792,480,320,what did the man do before he injected the vaccine into the baby,4,3,TP,carry baby and chase dog,looking at toy on ground,laugh and hold baby s body,stand and push box,rub the arm
6131518130,384,640,360,what were the three girls doing at the start before falling backwards to the pool,1,7,TP,laughing,standing still,clap her hands,open the box,ran in the same direction
5647072246,365,640,360,what did the man in white do before throwing the ball to others,3,6,TP,mimic man,look at man in light brown,look at the cow,wait for teammates,fencing
6838498321,933,480,800,how does the man react before the boy puts down his hand,3,6,TP,put arms behind back,lie down,stretch out his arms,smiling,turned back to table
7535060272,628,640,1138,what did the boy do before lying on the bed at the end,0,5,TP,get on to bed,try to touch cat,lie on his back,stare at man,stare at camera
6194127078,1807,480,800,why does the boy do before coming near the camera and gives hi-five,1,3,TP,lie down,excited and happy,hit dog,stand on the stool,put hand inside the toy
5899330155,1199,640,360,what does the dog do before walking away in the middle,3,1,TP,run away,bite toy bone,kick the ball,tried to play with the cat,smells the rocks
6250407668,1228,640,480,what does the black and white duck do before changing direction and joining the other ducks,4,3,TP,stop walking,flap wings,pick up sticks,sit down,lift head up
4126275941,1499,640,480,what did the girl do before she wore the bracelet,1,6,TP,turn to look,take bracelet out of plastic,lying on her stomach,hug the baby,point at statue
9281344489,2160,640,360,what did the man in white do before he started singing into the microphone,3,4,TP,playing the keyboard,play the guitar,make hand gestures,look at music sheet,playing drums
3136982378,1294,640,480,what do the people do before fencing in the middle of the video,4,5,TP,smile,shake hands,fetch item,snowboarding,bow
3309878267,885,640,362,where did the man point before he took a sip from the bottle in the middle,3,8,TP,his right,the audience,top,his left,the tree
12226111246,442,640,480,what did the man who stopped do before he stopped,3,7,TP,continue paddling,slings his bag across his shoulder,take more food,turn right,look at boy
5867905141,650,640,480,what was the girl doing right before she started hopping again at the end,4,5,TP,dancing backward,touching her head,talking to the lady,swing legs,move to her left
6494550655,720,640,360,where did the cart first went before sliding down into water,2,8,TP,in a restaurant,sea,the top,forest area,in the green pail
11809756394,347,640,360,what did the man do before the boy jumped off the cliff,0,7,TP,give instructions,adjust the rope,throw the toy in water again,sits,adjust the shoes
8526667660,641,640,480,what did the baby on the right do before he was hit by the other baby at the end,2,5,TP,leans on the ground,hold the baby,looking at camera,laugh,smile
5123738290,2697,640,360,what does the singer do before starting to sing in the middle,0,2,TP,look down and shake,excited and engrossed,move her body,play the guitar,play guitar
4861754967,756,640,360,what did the man do before the start iof the experiment,4,5,TP,laugh,sitting,cover mouth,raise his hand,remove the battery
11671714015,2624,640,1138,what did the man in green do with his hands before putting them on the wall the first time,0,9,TP,put his hands together,drop it,show pebble to the camera,stops at the side,slide
7533044888,472,640,1138,what happened to the traffic light before the silver and white car drove past,4,7,TP,looking at carpark,watching the car,excited,watch jeep,changes red to green
3026422534,373,500,375,what did the woman do before the baby sucked his finger,2,4,TP,walks away,touch baby s hand,talk,take napkin,continue feeding
11183847675,2480,640,360,what was the dog with vest doing before the man threw the ball,0,9,TP,looking at ball,touch brown dog s paw,stood up,snatch it,chase after it again
3227968260,930,640,480,why did the woman in striped shirt do before the start of the wrestle,3,1,TP,hanging clothes,lie down too,pat her face,hold thier hands,bend body
12450142184,1363,640,480,was the baby interested or disinterested at the ball before the man try to distract him with it,0,5,TP,disinterested,kick the ball,prepare to hit next ball,interested,smile
5119093874,322,640,360,what did the boy do before he clapped,1,5,TP,kiss baby,brush his pants,continue reading,water ride,said something
4414047871,2697,640,480,what did the two girls do before they standing in a line,0,0,TP,bow towards each other,pick up leashes,jump off from stage,pick up the balls,fight with each other
2792480681,527,640,480,what does the man in pink do before placing his golf ball down,1,7,TP,put ball into hole again,move some grass away,look at where the ball went,bend down,moves on the side
9934829764,744,640,360,what did the man in black do before jumping at the start,1,1,TP,jump,hold on rod,watch them,touch the ground,look at him
2875226866,465,640,360,what did the man do right before actually hitting the ball,4,4,TP,run,kick some more,walk towards the toy,walks away,practise swing
3267978905,1476,640,480,what was the boy sitting down doing before he started playing the drums,3,4,TP,playing with toy,wave to someone,picks it up,waiting to start,shift around
2892594713,1718,320,240,why did the baby do after showing grimace,0,4,TP,eat the green apple,placed in front of it,play with the toy,blocking his way,bad habit
3481209187,432,640,424,what did the man in black do before he started the competition,3,5,TP,bend to pick it up,read the card,lean forward and talk,jumps,raise his hands
5306491665,594,640,480,what did the boy do before the other baby in pink pants walked away at the end of the video,0,9,TP,stand up,jump,walk away,clean his hands,point
2972176704,1485,640,362,what did the man in black do before touching his forehead,0,3,TP,tap on the keyboard,watch TV,play guitar,roasted food,mashable awards
6572242521,1168,640,480,what was the white dog doing before the man threw the ball at the start,4,5,TP,put white paper in front of dog,run with the ball,jump up,running,playing with white toy
5384265688,1161,604,1072,what did the man do before the baby was covered by the cloth near the end of the video,0,5,TP,pull cloth up,push box to where he started,look in that direction,hug boy,caress dog
2779715525,1206,640,480,what did the man do before the boy stopped his bicycle at the start of the video,2,8,TP,knock it down,turn on the wand,run after the boy,push the rope downward,take taco up
5456274822,1290,640,480,what does the man in black do before starting singing,4,2,TP,clap for man in black,sit,watch phone,kiss the girl,put down the glass
5647072246,365,640,360,what did the man in black do before the man with big belly passes by him at the start,4,10,TP,handstand,wave hands,breakdance,cry,stand in position
2615323477,2325,640,480,what was the boy in stripped doing before the man in purple carried him in the middle of the video,3,3,TP,switch on back,get up,plays the guitar,jumping around,stand up
2736819755,2288,320,240,what did the man do before he put the baby on the floor at the end of the video,2,9,TP,crawl,look at the camera,carry baby and chase dog,picks up the helicopter,bring baby closer to chest
2848566825,300,320,240,what did the girl do before turning her head to the left,2,3,TP,pet dog,touch her own face,makes faces,jumps up,raise her hand
4018728364,420,640,480,what did the man do on the wooden plank before taking off,2,4,TP,throw the bucket,walk towards the aircraft,run,fly up,pick up the paddles
6321835042,965,640,360,what does the lady in black sleeveless blouse do before turning her head to the right,0,2,TP,nod,get up,pick up bag,wave,clap
4772380747,719,640,480,what did the woman do before looking at the man playing the guitar,1,5,TP,sings on the microphone,lean on table,lean backwards,swaying her body,hit the drum
2995795910,974,640,480,what did the man do before the cat started to drink water,1,6,TP,talk with the woman in black,open the tap,walked away,run away,looking around
5465483933,706,640,480,what does the man in white do before dancing with the woman in black when they appeared near the end,0,0,TP,wipe stuff off her dress,do a handstand move,smoke,hugs her,copy the other man
2834058581,1173,500,375,what did the boy in grey do in the middle of the video before they finished dancing,3,7,TP,turn behind to look,turn around,hug girl,whisper to girl and left,looking at toy on ground
6061530960,2158,640,360,what did the man do before he kept the guitar in the box,0,10,TP,unplug guitar,drink from water bottle,play guitar,play piano,unlock door
4245041172,503,640,480,what did the baby see before he changed direction,3,5,TP,move legs,faster,put bowl on his head,toy on the floor,put spoon into mouth
10036075863,300,640,480,why does boy pause in the beginning before climbing onto table,4,3,TP,brush his pants,chew,stomp his feet,satisfied,making decision
2478396375,1050,640,480,what did the baby do with his hand before he extended it to reach the camera,0,11,TP,suck on his fingers,throws it away,stretch out his hand,turn to his back,pull the toy in front
2975283781,1284,640,480,how did the boy pose before lying back down on his bed,1,5,TP,lay beside the baby,proned on bed,lay by his side,turned around,raised his right hand
10211516755,1053,640,360,was the girl doing colouring right before she started eating,2,1,TP,no,eat it,yes,smiling,point to the food
5387288470,975,640,360,what did the lady in blue do before walking away from the dog at the start,2,0,TP,kiss the boy,talk to man in green,touch and pat dog,pulling girl in sunglasses s hand,watch the boy in orange
2944463966,796,320,240,what did the short hair person do before he drank water,0,6,TP,move his arm,start playing the instruments,touch the woman,touch his hair,look at the girl s phone
4769483978,871,640,480,what did the black cat do when the toy was being dragged on the ground before the middle part of the video,0,6,TP,lie and watch,move out sofa,scratch,plates,staring
6886873148,663,640,360,what did the boy do before he opened his mouth at the end of the video,2,9,TP,look and talk at someone,point at the door,looks down,runs to the back,he danced
7438153002,2697,640,360,what happened to the blade before the aircraft starts moving at the end of the video,3,2,TP,laughing,hop away,hug boy,spinning,face away
9517698187,345,640,360,what was the girl doing before she started going downhill,3,4,TP,turned around,walk around it,move to her left,standing,stomp her foot
5994899092,1260,640,480,what did the man do before standing up near the end,2,8,TP,move his hand,wave his hand at camera,push the float,turn around,start dancing
5036295532,1710,640,480,what did the baby do before picking up the spoon,1,6,TP,spits out food,playing with spoon,push toy to cot,moving back and forth,turn back
4392747521,1006,640,480,what does the man in blue do before he fully climbs onto the rock,1,5,TP,get the drink,puts his hand on his knee,kick ball,touch face,spin around
7001183247,2697,640,480,How is the man in black postioned before the man in white pushes him,3,1,TP,walk,looking at them,sway body,bend forward,adjust sitting position
9301723427,1156,640,360,what did the man wearing a cap do before sitting down in the middle of the video,4,6,TP,looks at his drink,into his computer,drink,play the drums,touch table
3816401895,1875,640,360,what did the brown dog do before standing up near the middle of the video,1,5,TP,wag,bite the toy,moves it around,faces brown dog,chased after it
5296191052,1625,640,480,what does the man in the centre do before he placed both hands on the two men near the end,4,5,TP,stand up,talk to baby,lie down,talking,posing
9281344489,2160,640,360,what did the girl in pink do before she started singing,0,7,TP,look at music sheet,point below the piano,dancing,hug the lady,taps water with her foot
3096078017,1281,640,480,what did the child do before he rotated the laptop,3,5,TP,lift baby away,open laptop,turn around,played with the keys,teething
4125964792,590,640,480,why did the baby push the 2 blocks before putting the blocks on it,3,10,TP,tried to stuff more toy,push 2 blocks closer,push the toy along,too far from the holder,happy
13945442936,950,640,360,what does the man do before sitting on the chair,4,0,TP,stop cycling for a while,pick up something,pointed to the sea,lie on floor with legs up,presses a button on the device
11584732354,2430,640,360,what did the woman in blue do to the dog before unleash the dog,0,1,TP,talk to dog,stay down for a while,walking around,assist it,dress the dog
5195700916,1806,640,360,what did the man in black jacket do before putting his hands on the man in pink,3,2,TP,copies him,release his hold,pour more liquid,kiss lady in white,move to the man in blue
5465483933,706,640,480,what did the man in suit do to the woman in white before they walked away at the end,4,2,TP,gesture her to sit down,pass her paper,takes over the mike,turn back and smile,kiss her
4423747522,1416,640,424,what did the boy do to the container before he got up,1,4,TP,standing and touching his lips,walked away hurriedly,run to trampoline,reach for the airconditioners,playing driving game
8039435442,921,640,360,what was the boy doing right before he starting turning his body nearing the end,4,5,TP,put it back down,look behind,push the float,touch the boy s back,sitting still
6502526601,1740,640,360,what does the girl in white and black do in front of the camera before running away,4,2,TP,stand and wait,pull boy away,want to swing again,runs with the fog,waves hand
3462121199,1103,640,480,what did the man in black do before he brought something to the man in white,4,7,TP,fall down the net,took a nap,points at things,cutting woman's hair,bend to pick it up
4593636503,888,640,480,what did the lady do before using her right hand to gesture,2,8,TP,hi-five,standing,switch clipboard to other hand,tickets,move body
